Name,peakid,links
 Sagarmatha, SGRM, /sagarmatha
 Kanchenjunga Main, KANM, /kanchenjunga-main
 Lho Tse, LHOT, /lho-tse
 Yalung Khang, YALU, /yalung-khang
 Kanchenjunga Central, KANC, /kanchenjunga-central
 Kanchenjunga South, KANS, /kanchenjunga-south
 Makalu I, MAK1, /makalu-i
 Lho Tse Middle, LHOM, /lho-tse-middle
 Lho Tse Shar, LHOS, /lho-tse-shar
 Cho Oyu, CHOY, /cho-oyu
 Dhaulagiri I, DHA1, /dhaulagiri-i
 Manaslu, MANA, /manaslu
 Annapurna I, ANN1, /annapurna-i
 Yalung Khang West, YALW, /yalung-khang-west
 Gyachung Khang, GYAC, /gyachung-khang
 Kanchenjunga North, KANN, /kanchenjunga-north
 Annapurna II, ANN2, /annapurna-ii
 Tenzing Peak, TENZ, /tenzing-peak
 Khangbachen, KANB, /khangbachen
 Himal Chuli East, HIME, /himal-chuli-east
 Dr. Harka Gurung Chuli, HARK, /harka-gurung-chuli
 Nup Tse, NUPT, /nup-tse
 Makalu South East, MKSE, /makalu-south-east
 Khambachen East, KBNE, /khambachen-east
 Dhaulagiri II, DHA2, /dhaulagiri-ii
 Ngojumba Khang, NGOK, /ngojumba-khang
 Dhaulagiri III, DHA3, /dhaulagiri-iii
 Kumbhakarna, KUMB, /kumbhakarna
 Hillary Peak, HILL, /hillary-peak
 Makalu II (Kangchug Tse), MAK2, /makalu-ii
 Dhaulagiri IV, DHA4, /dhaulagiri-iv
 Varaha Shikhar (Fang), VARA, /varaha-shikhar
 Dhaulagiri  V, DHA5, /dhaulagiri-v
 Shanti Shikhar, SHAN, /shanti-shikhar
 Khangsar Khang West, KGSW, /khangsar-khang-west
 Annapurna III, ANN3, /annapurna-iii
 Himal Chuli West, HIMW, /himal-chuli-west
 Annapurna IV, ANN4, /annapurna-iv
 Khangsar Khang, KGSR, /khangsar-khang
 Jongsang Peak, JONG, /jongsang-peak
 Shartse II, SHA2, /shartse-ii
 Gangapurna, GANM, /gangapurna
 Ganesh I, GAN1, /ganesh-i
 Kabru Central, KABC, /kabru-central
 Churen, CHRC, /churen
 Churen West, CHUR, /churen-west
 Kirat Chuli, KIRA, /kirat-chuli
 Pasang Lhamu Chuli, PSNG, /pasang-lhamu-chuli
 Gimigela Chuli, GIMI, /gimigela-chuli
 Talung, TLNG, /talung
 Nemjung, NEMJ, /nemjung
 Himal Chuli North, HIMN, /himal-chuli-north
 Chamlang, CHAM, /chamlang
 Kabru, KABM, /kabru
 Nagpai Gosum I, NAG1, /nagpai-gosum-i
 Nagpai Gosum II, NAG2, /nagpai-gosum-ii
 Dhaulagiri VI, DHA6, /dhaulagiri-vi
 Dome Khang, DOMK, /dome-khang
 Putha Hiun Chuli, PUTH, /putha-hiun-chuli
 Kabru North, KABN, /kabru-north
 Langtang Lirung, LANG, /langtang-lirung
 Annapurna South, ANNS, /annapurna-south
 Langtang Ri, LANR, /langtang-ri
 Tarke Khang, TARK, /tarke-khang
 Gurja Himal, GURJ, /gurja-himal
 Chamar, CHMM, /chamar
 Nepal Peak, NPPK, /nepal-peak
 Chamar North, CHMN, /chamar-north
 Pumo RI, PUMO, /pumo-ri
 Manaslu North, MANN, /manaslu-north
 Nepal Peak II, NPP2, /nepal-peak-ii
 Gangapurna West, GANW, /gangapurna-west
 Gaurishankar, GAUS, /gaurishankar
 Tilicho Peak, TILI, /tilicho-peak
 Api, APIM, /api
 Barun Tse, BARU, /barun-tse
 Ratna Chuli, RATN, /ratna-chuli
 Himlung Himal, HMLH, /himlung-himal
 Pathibhara Chuli, PATH, /pathibhara-chuli
 Ganesh II, GAN2, /ganesh-ii
 Ganesh III, GAN3, /ganesh-iii
 Nampa Chuli, NAM3, /nampa-chuli
 Api West, APIW, /api-west
 Himlung, HIMG, /himjung
 Janak Chuli, JANK, /janak-chuli
 Sharphu I, SPH1, /sharphu-i
 Nilgiri North, NILN, /nilgiri-north
 Thulagi Peak, THUL, /thulagi-peak
 Ganesh IV, GAN4, /ganesh-iv
 Gyajikang, GYAJ, /gyajikang
 Saipal, SAIP, /saipal
 Hunchhi, HNCH, /hunchhi
 Nepal Gyap Peak, NGAP, /nepal-gyap-peak
 Ganesh V, GAN5, /ganesh-v
 Lamjung Himal, LAMJ, /lamjung-himal
 Gauri, GAUR, /gauri
 Kang Garu, KAGU, /kang-garu
 Leonpo Gang, LEOG, /leonpo-gang
 Dorje Lyakpa, DORJ, /dorje-lyakpa
 Langpo Peak, LNPO, /langpo-peak
 Anidesh Chuli (White Wave), ANID, /anidesh-chuli
 Chabuk, CHAB, /chabuk
 Numbur, NUMB, /numbur
 Burke Khang, BURK, /burke-khang
 Nilgiri Central, NILC, /nilgiri-central
 Tengi Ragi Tau, TENR, /tengi-ragi-tau
 Chota Ri, CHOR, /chota-ri
 Himlung East, HMLE, /himlung-east
 Loshar I, LOS1, /loshar-i
 Tukuche Peak, TUKU, /tukuche-peak
 Rongshar Ri I, RON1, /rongshar-ri-i
 Lugula, LUGU, /lugula
 Chago, CHAG, /chago
 Gurkarpo Ri, GURK, /gurkarpo-ri
 Panbari, PANB, /panbari
 Sharphu III, SPH3, /sharphu-iii
 Drohmo, DROM, /drohmo
 Kanjiroba Main, KJRM, /kanjiroba-main
 Saipal East, SAIE, /saipal-east
 Pathibhara South East, PASE, /pathibhara-south-east
 Pem Thang Karpo Ri, PEMK, /pem-thang-karpo-ri
 Yangra South, YNGS, /yangra-south
 Nupla Khang, NUPL, /nupla-khang
 Loshar II, LOS2, /loshar-ii
 Chumbu, CHUM, /chumbu
 Kanti Himal, KNTH, /kanti-himal
 Kanjiroba North, KJRN, /kanjiroba-north
 Pathibhara North East, PANE, /pathibhara-north-east
 Jethi Bahurani Chuli, JETH, /jethi-bahurani-chuli
 Pandra, PAND, /pandra
 Amphu I, AMP1, /amphu-i
 Nilgiri South, NILS, /nilgiri-south
 Chumbu North, CHUN, /chumbu-north
 Ohmi Khang, OHMI, /ohmi-khang
 Pathibhara East, PAES, /pathibhara-east
 Cheo Himal, CHEO, /cheo-himal
 Ama Dablam, AMAD, /ama-dablam
 Khangri Shar, KGRS, /khangri-shar
 Bobaye Chuli, BOBA, /bobaye-chuli
 Bhairab Takura, BTAK, /bhairav-takura
 Khangtega, KTEG, /khangtega
 Ghanyala Hies, GHAN, /ghanyala-hies
 Khangri West, KGRW, /khangri-west
 Thakar Go, TKRG, /thakar-go
 Kyashar, KYAS, /kyashar
 Phu Khang Go (Panbari North), PANN, /phu-khang-go-panbari-north
 Hongu, HNGU, /hongu
 Tu Tse ( Peak 6 ), TUTS, /tutse
 Thaknak Ri, THNK, /thaknak-ri
 Nampa, NAMP, /nampa
 Chang Himal, CHAN, /chang-himal
 Firankof West, FIRW, /firankof-west
 Guras, GURA, /gurans
 Pethangtse, PETH, /pethangtse
 Khang Nachu Go, KNAG, /khang-nachu-go
 Peak 4, PK04, /peak-4
 Jasemba Go, JASG, /jasemba-go
 Leonpo Gang East, LEOE, /leonpo-gang-east
 Lachama Chuli, LCHC, /lachama-chuli
 Linkhu Chuli I, LIK1, /likhu-chuli-i
 Pangbuk Ri, PANR, /pangbuk-ri
 Lingtren, LING, /lingtren
 Cho Polu, CHOP, /cho-polu
 Dzanye I, DZA1, /dzanye-i
 Tharke Khang, THRK, /tharke-khang
 Salbachum, SALB, /salbachum
 Chako, CHAK, /chako
 Nampa II, NAM2, /nampa-ii
 Khumjung Himal, KMJG, /khumjung-himal
 Firankof East, FIRE, /firankof-east
 Phu Khang, PHUK, /phu-khang
 Paniyotippa, PANT, /paniyotippa
 Hulang Go, HUGO, /hulang-go
 Chobuje, CHOB, /cho-buje
 Sherson North West, SHNW, /sherson-north-west
 Rathong, RATH, /rathong
 Numri, NUMR, /numri
 Agole East, AGLE, /agole-east
 Baudha, BAUD, /baudha-himal
 Sobithongie, SOBI, /sobithongie
 Jobo Rinjang, JOBO, /jobo-rinjang
 Rolwaling Khang, ROLK, /rolwaling-khang
 Linkhu Chuli 2, LIK2, /likhu-chuli-2
 Peak 41, PK41, /peak-41
 Khang Karpo, KGKP, /khang-karpo
 Phole, PHOL, /phole
 Yarwa, YARW, /yarwa
 Khumbutse, KHUM, /khumbutse
 Dhaulagiri, DGAR, /dhaulagari
 Phurbi Chyachu, PHUR, /phurbi-chyachu
 Lachama North, LCHN, /lachama-north
 Kande Hiun Chuli, KAND, /kande-hiun-chuli
 Thamserku, THAM, /thamserku
 Changdi, CHGD, /changdi
 Putha West, PUTW, /putha-west
 Pangri Goldumba, PANG, /pangri-goldumba
 Pangpoche I, PAN1, /pangpoche-i
 Langmoche Ri, LMOC, /langmoche-ri
 Kanjerawa, KJER, /kanjerawa
 Sita Chuchura, SITA, /sita-chuchura
 Thoche Go, THOC, /thoche-go
 Ramtang, RAMT, /ramtang
 Kyunga Ri I, KYR1, /kyunga-ri-i
 Putha Shoulder, PUTS, /putha-shoulder
 Raksha Urai, RAKS, /raksha-urai
 Friendship Peak, FRND, /friendship-peak
 Chulu East *, CHUE, /chulu-east
 Khatang, KHAT, /khatang
 Chhib Himal, CHIB, /chhib-himal
 Jomsom Himal, JOMS, /jomsom-himal
 Changla Khang, CHKH, /changla-khang
 Phu Khang North, PHUN, /phu-khang-north
 Nampa South, NAMS, /nampa-south
 Dhagpache, DHAG, /dhagpache
 Chaw East, CHWE, /chaw-east
 Malangphulang, MALA, /malangphulang
 Pethangtse East, PETE, /pethangtse-east
 Ghenye Liru, GHEN, /ghenye-liru
 Kambong, KBON, /kambong
 Changla, CHGL, /changla
 Tso Karpo Khang, TSOK, /tso-karpo-khang
 Hongde, HONG, /hongde
 Tripura Hiun Chuli, TRIP, /tripura-hiun-chuli
 Nangamari I, NAN1, /nangamari-i
 Yangri, YANG, /yangri
 Karyolung, KARY, /karyolung
 Ghustung North, GHUN, /ghustung-north
 Mariyang, MARI, /mariyang
 Mt Lama, LAMA, /mt-lama
 Rolwaling Khang North, ROKN, /rolwaling-khang-north
 Phunge, PHGE, /phunge
 Phungi, PHGI, /phungi
 Surma Sarovar North, SURM, /surma-sarovar-north
 Tso Karpo, TSKP, /tso-karpo
 Kanti East, KNTE, /kanti-east
 Kyunga Ri II, KYR2, /kyunga-ri-ii
 Pangpoche II, PAN2, /pangpoche-ii
 Rongshar Ri II, RON2, /rongshar-ri-ii
 Tawoche, TAWO, /tawoche
 Singu Chuli *, SING, /singu-chuli
 Purbung, PURB, /purbung
 Tengkhangpoche, TKPO, /tengkhangpoche
 Pangbuk North, PANN, /pangbuk-north
 Khatung Khang, KTUN, /khatung-khang
 Yakawa Kang, YAKA, /yakwa-khang
 Ganesh VI, GAN6, /ganesh-vi
 Bhrikuti, BHRI, /bhrikuti
 Langchung Khang, LNGK, /langchung-khang
 Jarkya Peak, JARK, /jarkya-peak
 Mera Peak *, MERA, /mera-peak
 Ghustung South, GHUS, /ghustung-south
 Mahalangur Peak, MAHA, /mahalangur-peak
 Yanme Khang South East, YASE, /yanme-khang-south-east
 Mariyang West, MARW, /mariyang-west
 Sharphu II, SPH2, /sharphu-ii
 Patrasi, PATR, /patrasi
 Mayung Thang Khang, MAYT, /mayung-thang-khang
 Kanchauni, KNCH, /kanchauni
 Kojichwa Chuli, KOJC, /kojichwa-chuli
 Hiun Chuli *, HIUC, /hiun-chuli
 Sharphu IV, SPH4, /sharphu-iv
 Yaupa, YAUP, /yaupa
 Langju, LNJU, /langju
 Chola Tse *, CHOL, /chola-tse
 Sherson, SHER, /sherson
 Chulu West *, CHUW, /chulu-west
 Larkya Peak *, LARK, /larkya-peak
 Lhashamma, LHAS, /lhashamma
 Langshisha Ri *, LSIS, /langshisha-ri
 Swaksa Khang, SWAK, /swaksa-khang
 Chaw Peak, CHAP, /chaw-peak
 Yoko Pahad, YOKO, /yoko-pahad
 Bamongo, BAMO, /bamon-go
 Tsar Tse, TSAR, /tsartse
 Lhayul Peak, LHAY, /lhayul-peak
 Takphu Himal, TAKP, /takphu-himal
 Amotsang, AMOT, /amotsang-himal
 Jyachhung, JYAC, /jyachhung
 Saldim West, SALW, /saldim-west
 Kasi Dalpha, KASI, /kasi-dalpha
 Tashi Khang, TASH, /tashi-khang
 Manapathi, MANP, /manapathi
 Ganchenpo, GANC, /ganchenpo
 Saldim, SALD, /saldim
 Til Kang, TILK, /til-khang
 Chhuama Peak I, CHH1, /chhuama-peak-i
 Bhrikuti Shail, BHRS, /bhrikuti-shail
 Gyala, GYLA, /gyala
 Kusum Kanguru *, KUSU, /kusum-kanguru
 Kang Kuru, KAKU, /kang-kuru
 Danga, DANG, /danga
 Pokhar Khang, POKR, /pokhar-khang
 Saribung, SARI, /saribung
 Nangamari North West, NANW, /nangamari-north-west
 Pamalka, PAMK, /pamalka
 Taple Shikhar, TAPL, /taple-shikhar
 Ombigaichan *, OMBG, /ombigaichan
 Merra, MERR, /merra
 Samdo Peak, SAMD, /samdo-peak
 Dolma Khang, DOLM, /dolma-khang
 Kyabura, KYAB, /kyabura
 Omi Tso Go, OMIT, /omi-tso-go
 Kaipuchonam Main, KAIM, /kaipuchonam-main
 Changdi East, CHDE, /changdi-east
 Sharphu V, SPH5, /sharphu-v
 Langdung, LDNG, /langdung
 Chhuama Peak II, CHH2, /chhuama-peak-ii
 Dzanye II, DZA2, /dzanye-ii
 Dogari South, DGRS, /dogari-south
 Tankya I, TNK1, /tankya-i
 Pama Himal, PAMA, /pama-himal
 Peri Himal, PERH, /peri-himal
 Khang Tokal, KTOK, /khang-tokal
 Tankya II, TNK2, /tankya-ii
 Chaw Far West, CHFW, /chaw-far-west
 Pharchamo *, PARC, /pharchamo
 Takla Khang, TAKL, /takla-khang
 Kanti Central, KNTC, /kanti-central
 Kogi Khang North, KOGN, /kogi-khang-north
 MDM Peak(Tsisima), TSIS, /tsisima
 Asajya Tuppa, ASJM, /asajya-tuppa
 Nyalu, NYAL, /nyalu
 Pankar Himal, PKAR, /pankar-himal
 Kojichwa South, KOJS, /kojichwa-south
 Chhuama Peak III, CHH3, /chhuama-peak-iii
 Tankya III, TNK3, /tankya-iii
 Chhochenphu Himal, CPHH, /chhochenphu-himal
 Chukyima Go, CHUG, /chukyima-go
 Senup, SENP, /senup
 Ganglung Gangri I, GNG1, /ganglung-gangri-i
 Tankya IV, TNK4, /tankya-iv
 Gorakh Khang, GORK, /gorakh-khang
 Pabuk Khang, PBUK, /pabuk-khang
 Simnang Himal, SIMN, /simnang-himal
 Mansail South, MNSS, /mansail-south
 Dingjung North, DINN, /dingjung-north
 Dingjung Ri, DINR, /dingjung-ri
 Gandharva Chuli, GAND, /gandharva-chuli
 Chaw West, CHAW, /chaw-west
 Mansail, MNSL, /mansail
 Naulekh, NAUL, /naulekh
 Yara Chuli, YARA, /yara-chuli
 Saula, SAUL, /saula
 Changla Khang North West, CHNW, /changla-khang-north-west
 Raungsiyar, RAUN, /raungsiyar
 Sat Peak, SATP, /sat-peak
 Langdak, LDAK, /langdak
 Chungen Changma, CHMA, /chungen-changma
 Kaipuchonam North West, KANW, /kaipuchonam-north-west
 Tengkoma, TENG, /tengkoma
 Ek Rate Danda, EKRA, /ek-rate-danda
 Rhimbu, RHIM, /rhimbu
 Nangamari II, NAN2, /nangamari-ii
 Sanctuary Peak, SANC, /sanctuary-peak
 Yanme Khang, YANK, /yanme-khang
 Mustang Himal, MUSH, /mustang-himal
 Lasa, LASA, /lasa
 Kekyap Ri I, KEK1, /kekyap-ri-i
 Mansail East, MNSE, /mansail-east
 Khayang, KHAY, /khayang
 Thakmorpa Ri, THMR, /thakmorpa-ri
 Pota North, POTA, /pota-north
 Swelo Khang, SWEL, /swelo-khang
 Chhuama Peak IV, CHH4, /chhuama-peak-iv
 Pashuwo, PASH, /pashuwo
 Peri, PERI, /peri
 Dwijen Himal, DWIJ, /dwijen-himal
 Jabou Ri, JBRM, /jabou-ri
 Imja Tse  *, IMJA, /imjatse
 Nirekha *, NREK, /nirekha
 Palchung I, PAL1, /palchung-i
 Thakar Go East, TKRE, /thakar-go-east
 Kyazo Ri *, KYAZ, /kyazo-ri
 Gyalzen Peak, GYLZ, /gyalzen-peak
 Bhemdang Ri, BHEM, /bhemdang-ri
 Urkenmang, URKM, /urkenmang
 Kokthang, KOKT, /kokthang
 Takphu North, TAKN, /takphu-north
 Yasa Thak, YASA, /yasa-thak
 Chhochenphu North, CPHN, /chhochenphu-north
 Shey Shikhar, SHEY, /shey-shikhar
 Lobuje West *, LOBW, /lobuje-west
 Mustang Himal II, MUS2, /mustang-himal-ii
 Purkung, PURK, /purkung
 Changwathang, CHWT, /changwathang
 Bedding Go, BEDG, /bedding-go
 Cheki Go *, CHEK, /cheki-go
 Hunku Chuli, HUNK, /hunku-chuli
 Yolungma Khang, YOLU, /yolungma-khang
 Bokta *, BOKT, /bokta
 Jabou Ri North, JBRN, /jabou-ri-north
 Bijora Hiun Chuli, BIJO, /bijora-hiun-chuli
 Jijang, JING, /jijang
 Gaugiri, GAUG, /gaugiri
 Chhopa Bamare, CBAM, /chhopa-bamare
 Danfe Shail, DANS, /danfe-shail
 Bhulu Lhasa, BHUL, /bhulu-lhasa
 Tobsar, TOBS, /tobsar
 Lung Sampa, LSAM, /lung-sampa
 Ghyun Himal I, GHY1, /ghyun-himal-i
 Chandi Himal, CHND, /chandi-himal
 Kogi Khang, KOGK, /kogi-khang
 Kaipuchonam West, KAIW, /kaipuchonam-west
 Gorakh Himal, GORH, /gorakha-himal
 Pisang *, PISA, /pisang
 Lobuje East *, LOBE, /lobuje-east
 Mukot Himal, MUKT, /mukot-himal
 Kwangde *, KWAN, /kwangde
 Sharphu VI, SPH6, /sharphu-vi
 Lhonak, LNAK, /lhonak
 Mera South, MERS, /mera-south
 Khangchung(UIAA Peak), KGCH, /khangchung-uiaa-peak
 Kesang Khang / UAAA Peak, KESH, /keshang-khang-uaaa-peak
 Nalakankar, NALA, /nalakankar
 Jyanglatunpu Peak, JYLT, /jyanglatunpu-peak
 Rolmi, ROLM, /rolmi
 Asajya Tuppa West, ASJW, /asajya-tuppa-west
 Aichyn, ACHN, /aichyn
 Punchen Himal, PUCH, /punchen-himal
 Yubra Himal *, YUBR, /yubra-himal
 Dudh Kundali, DUDH, /dudh-kundali
 Nupchu Peak, NUPC, /nupchu-peak
 Abi *, ABIM, /abi
 Lungchhung, LUNG, /lungchhung
 Araniko Chuli, ARNK, /araniko-chuli
 Ardang, ARDN, /ardang
 Mojka Peak, MOJK, /mojka-peak
 Ghyun Himal II, GHY2, /ghyun-himal-ii
 Ghyun Himal III, GHY3, /ghyun-himal-iii
 Palchung II, PAL2, /palchung-ii
 Khung, KHNG, /khung
 Dhechyan Khang, DHEC, /dhechyan-khang
 Phari Lapcha *, PHAR, /phari-lapcha
 Karko, KARK, /karko
 Thapa Peak, THAP, /thapa-peak
 Kekyap Ri II, KEK2, /kekyap-ri-ii
 Ghodchadi, GHOD, /ghodchadi
 Palchung III, PAL3, /palchung-iii
 Norbu Kang, NORB, /norbu-kang
 Tilje, TILJ, /tilje
 Tinje Peak, TINJ, /tinje-peak
 Thakmorpa North East, THNE, /thakmorpa-north-east
 Kaptang, KAPT, /khaptang
 Lapuchun, LAPU, /lapuchun
 Kagmara, KAGM, /kagmara
 Suyao kang, SYKG, /suyaokhang
 Nobuk, NOBK, /nobuk
 Nheserku, NHES, /nheserku
 Samjang, SAMJ, /samjang
 Kangfu Gaton Kanta Gaton, KNGT, /kangfu-gaton-kanta-gaton
 Paldor Peak *, PALD, /paldor-peak
 Ramdong Go*, RAMD, /ramdong-go
 Chanabolo, CHBL, /chanabolo
 Yarsang Khang, YRSK, /yarsang-khang
 Jyangche, JYAG, /jyangche
 Ghyambu Peak, GHYM, /ghyambu-peak
 Nimku, NIMK, /nimku
 Ghanja La Chuli  *, GHJA, /ghanja-la-chuli
 Baden Powell Scout Peak, BPSP, /baden-powell-scout-peak
 Sisne II, SIS2, /sisne-ii
 Sisne, SISN, /sisne
 Khongma Tse  *, KHON, /khongma-tse
 Lunadhar Khang, LUNA, /lunadhar-khang
 Thorong Peak, THOR, /thorong-peak
 Nar Phu, NPHU, /nar-phu
 Chhukung Chuli, CHUK, /chhukung-chuli
 Kap Chuli, KAPC, /kap-chuli
 Dogari Himal, DOGA, /dogari-himal
